{"Episode duration": 43, "Episode number": 6, "_timestamp": 1699993439.2690704, "_runtime": 6.09216046333313, "_step": 7, "Loss:": 1.1948777437210083, "_wandb": {"runtime": 6}}