{"Episode duration": 16, "Episode number": 8, "_timestamp": 1699311422.5183475, "_runtime": 3.2527735233306885, "_step": 8, "_wandb": {"runtime": 3}}