{"Episode duration": 22, "Episode number": 8, "_timestamp": 1699993505.7255461, "_runtime": 3.8213131427764893, "_step": 9, "Loss:": 1.370653510093689, "_wandb": {"runtime": 4}}