{"Episode duration": 15, "Episode number": 32, "_timestamp": 1699311048.1878943, "_runtime": 48.4755003452301, "_step": 59, "Loss:": 1.4338470697402954, "_wandb": {"runtime": 52}}