{"Episode duration": 21, "Episode number": 18, "_timestamp": 1699311160.405921, "_runtime": 26.614710092544556, "_step": 32, "Loss:": 3.9631314277648926, "_wandb": {"runtime": 26}}