{"Episode duration": 11, "Episode number": 53, "_timestamp": 1699311957.7408202, "_runtime": 18.44351816177368, "_step": 100, "Loss:": 1.5675938129425049, "_wandb": {"runtime": 17}}