{"Episode duration": 96, "Episode number": 1124, "_timestamp": 1699315636.3286943, "_runtime": 2962.2447204589844, "_step": 8716, "Loss:": 0.36813902854919434, "_wandb": {"runtime": 8987}}