{"Episode duration": 24, "Episode number": 507, "_timestamp": 1699312622.97805, "_runtime": 107.0093560218811, "_step": 1008, "Loss:": 1.5606658458709717, "_wandb": {"runtime": 106}}