{"Episode duration": 17, "Episode number": 11, "_timestamp": 1699902773.5594625, "_runtime": 24.704846620559692, "_step": 16, "Loss:": 2.6694321632385254, "_wandb": {"runtime": 24}}