{"Episode duration": 14, "Episode number": 5, "_timestamp": 1699310965.1563063, "_runtime": 3.296208381652832, "_step": 5, "_wandb": {"runtime": 5}}