{"Episode duration": 9, "Episode number": 17, "_timestamp": 1699311275.254255, "_runtime": 26.454846143722534, "_step": 30, "Loss:": 5.095270156860352, "_wandb": {"runtime": 26}}