{"Episode duration": 11, "Episode number": 299, "_timestamp": 1699312485.0972936, "_runtime": 393.270224571228, "_step": 1697, "Loss:": 0.6756969094276428, "_wandb": {"runtime": 392}}